{"gbDKuQgUx702LNS95RyMNg==":"mbr-1.jpg","04sx91A9OFPVfnHsr0CBug==":"mbr-2.jpg","vx1HCfMmqDU+s7Eui2JRdg==":"mbr-3.jpg","KZ9bLk9AH2ZsJ75m1vIHgA==":"mbr.png","Y3vQ9NrQmNgUekrM4H/8nA==":"mbr-3.jpeg","4jMTBEKvtHt4yLp64yJ7rQ==":"mbr-4.jpg","vlgcUSC18u1mj5K5ihrfAw==":"mbr-7.jpg","tTz86reHysGEwhEcX5uwVA==":"mbr-8.jpg","HPvps2PYs2xvCuXnWbZ9Hw==":"mbr-8.jpeg","KF+Wa3qUz9G/nA/BRqWBHw==":"mbr.jpeg","LsH5lvBYKniR4SADVP1NTQ==":"mbr-9.jpeg","xvEZoRtTpRo8PQiyUW4s5Q==":"mbr-10.jpg","IDI+CXQpTCod/TkNrC3CYQ==":"mbr.jpg","X0NkBDGMu+zd4PYMoLSDwA==":"mbr-5.jpg","wX76oSpNBIHut/EW6vVidQ==":"mbr-1.jpeg","kBWcS24dsvzugKxtOJfDkA==":"mbr-10.jpeg","AeUXw5uv4oOFCrScIKVpgA==":"2-people-tent-600x600.jpg","6RaQEv5dS7AMUmAZTCrXuw==":"tents-for-rent-bangalore.jpg","pel1JzUAMHYOCUv7lcIAfA==":"sleeping-bag-bangalore.jpg","/ludb16iinNMEVX4LOxWmA==":"multimat-bangalore.jpg","oRykAiO0rUD++7AmPeEwUg==":"background1.jpg","esSTBrNkT1Flh9MhUSv/rQ==":"4-people-tent.jpg","Ji5GUK03L2XUurj4+c3meQ==":"camping-tent-for-rent-bangalore-4.jpg","sd3vcYAvjpDv3+2wgYZvMg==":"camping-tent-for-rent-bangalore.jpg","XyTeubHkeSJZXBzx15p9tw==":"2-people-tent-bangalore.jpg","4uBZ5sp79a/j1EE2XCCjRQ==":"3-people-tent-bangalore.jpg","QgeCVFoQrl9ugZOIXVKlhg==":"6-peopl-tent-bangalore.jpg","n1dx+NZv3qks526xC0hZ5Q==":"background13.jpg","Vb7GgbMoe0curpGYBParsg==":"background3.jpg","ksJ5ms84jQyYREZhmXIRhw==":"best-used-gear-stores-online-bangalore.jpg","f/H+dCPLPpGdlpAlgW8y5w==":"outdoor-gears-bangalore.webp","ezDcwnOn8RsN44h/RtrzqA==":"lifejacket.jpg","eUaR/ZLZCKxVKChKchnK1Q==":"bagpack.jpg","QJy5pONxPLQEqGrdpNpTZw==":"pole.jpg","NwYKSw00WcJkOa3gZ3w7mA==":"head-light-bangalore.jpg","hvy+aQo+Eu9jylCMl9JxwQ==":"used-outdoor-gear-bangalore.webp","0lTjhC3l0E5Jd8AqnFxI+w==":"poncho-raincoat.jpg"}